start,end,phase
0.0,5.9030000000000005,explore
34.404,51.02,explore
75.389,186.724,explore
219.523,334.315,explore
390.163,408.331,explore
455.451,533.075,explore
672.252,693.786,explore
5.9030000000000005,34.404,exploit
51.02,75.389,exploit
186.724,213.875,exploit
334.315,390.163,exploit
408.331,455.451,exploit
533.075,672.252,exploit
693.786,837.291,exploit
